INSERT INTO Department values ('0001','Computer Science');
INSERT INTO Department values ('0002','SoftwareEngineering');
INSERT INTO Department values ('0003','History');
INSERT INTO Department values ('0004','Finance');
INSERT INTO Department values ('0005','Music');
INSERT INTO Department values ('0006','Philosophy');
INSERT INTO Major values ('0001','music','0001');
INSERT INTO Major values ('0002','sing','0002');
INSERT INTO Major values ('0003','math','0003');
INSERT INTO Major values ('0004','english','0004');
INSERT INTO Major values ('0005','time','0005');
INSERT INTO Major values ('0006','Apple','0002');
INSERT INTO Major values ('0004','physics','0001');
INSERT INTO Major values ('0009','law','0002');
INSERT INTO Major values ('0010','Chemistry','0006');
INSERT INTO Teacher values ('20200010001','Jacky','0001','123456');
INSERT INTO Teacher values ('20200010002','Gary','0002','123457');
INSERT INTO Teacher values ('20200010003','Paul','0003','123458');
INSERT INTO Teacher values ('20200010004','Toby','0004','123459');
INSERT INTO Teacher values ('20200010005','Tony','0005','123460');
INSERT INTO Teacher values ('20200010006','Eric','0006','123400');
INSERT INTO Teacher values ('20200010007','Jason','0005','908765');
INSERT INTO Teacher values ('20200010005','Zoom','0004','235782');
INSERT INTO Teacher values ('20200010008','Khan','0002','457744');
INSERT INTO Teacher values ('20200010009','Kali','0004','583550');
INSERT INTO Teacher values ('202000100010','Cent','0005','506762');
INSERT INTO Teacher values ('202000100011','Denian','0006','302649');
INSERT INTO Teacher values ('202000100012','Doris','0001','461834');
INSERT INTO Teacher values ('202000100013','Jennen','0002','150343');
INSERT INTO Teacher values ('202000100014','Offred','0003','456895');
INSERT INTO Teacher values ('202000100015','Ofjack','0004','456893');
INSERT INTO Teacher values ('202000100016','Ofondin','0005','484535');
INSERT INTO Teacher values ('202000100017','Rex','0006','483656');
INSERT INTO Teacher values ('202000100018','Zippo','0002','276583');
INSERT INTO Student values ('20200740001','jacky','0001','123456');
INSERT INTO Student values ('20200740002','apple','0002','123457');
INSERT INTO Student values ('20200740003','banana','0003','123458');
INSERT INTO Student values ('20200740004','cat ','0001','123459');
INSERT INTO Student values ('20200740005','dog','0005','123460');
INSERT INTO Student values ('20200740006','gary','0003','123461');
INSERT INTO Student values ('20200740007','paul','0004','123462');
INSERT INTO Student values ('20200740008','khan','0001','123463');
INSERT INTO Student values ('20200740009','tiantian','0005','123464');
INSERT INTO Student values ('20200740010','god','0002','123465');
INSERT INTO Student values ('20200740011','black','0004','123466');
INSERT INTO Student values ('20200740012','blue','0005','123467');
INSERT INTO Student values ('20200740013','pink','0001','123468');
INSERT INTO Student values ('20200740014','wangdan','0002','123469');
INSERT INTO Student values ('20200740015','louou','0005','123470');
INSERT INTO Student values ('20200740016','xianyu','0004','123471');
INSERT INTO Student values ('20200740017','ersha','0006','123472');
INSERT INTO Student values ('20200740018','sansha','0006','123473');
INSERT INTO Student values ('20200740019','sisha','0001','123474');
INSERT INTO Student values ('20200740020','han','0001','123475');
INSERT INTO Student values ('20200740021','jason','0001','123476');
INSERT INTO Student values ('20200740022','ronn','0002','123477');
INSERT INTO Student values ('20200740023','hans','0005','123478');
INSERT INTO Student values ('20200740024','johh','0004','123479');
INSERT INTO Student values ('20200740025','john','0002','578942');
INSERT INTO Student values ('20200740026','elsa','0004','567892');
INSERT INTO Student values ('20200740027','elem','0003','678925');
INSERT INTO Student values ('20200740028','qenn','0002','987653');
INSERT INTO Student values ('20200740029','bossw','0001','456765');
INSERT INTO Student values ('20200740030','appmm','0002','109876');
INSERT INTO Student values ('20200740031','loppo','0003','926571');
INSERT INTO Student values ('20200740032','looili','0004','953743');
INSERT INTO Student values ('20200740033','hasan','0005','673256');
INSERT INTO Student values ('20200740034','hansa','0006','780524');
INSERT INTO Student values ('20200740035','garry','0006','893472');
INSERT INTO Student values ('20200740036','lotos','0002','787663');
INSERT INTO Student values ('20200740037','adsq','0005','676543');
INSERT INTO Student values ('20200740038','jkRollyn','0002','566623');
INSERT INTO Student values ('20200740039','questnn','0002','123458');
INSERT INTO Student values ('20200740040','peppar','0003','569246');
INSERT INTO Student values ('20200740041','pappar','0006','798254');
INSERT INTO Student values ('20200740042','parker','0002','983669');
INSERT INTO Student values ('20200740043','fifi','0001','043245');
INSERT INTO Student values ('20200740044','doc','0002','057264');
INSERT INTO Student values ('20200740045','bsess','0004','047264');
INSERT INTO Student values ('20200740046','basssws','0005','836594');
INSERT INTO Student values ('20200740047','cruhs','0004','239876');
INSERT INTO Student values ('20200740048','cruchs','0005','072563');
INSERT INTO Student values ('20200740049','diqw','0001','104724');
INSERT INTO Student values ('20200740050','awp','0002','360364');
INSERT INTO Learn values ('20200740001','00000001','86.36');
INSERT INTO Learn values ('20200740002','00000002','74.47');
INSERT INTO Learn values ('20200740003','00000003','53.78');
INSERT INTO Learn values ('20200740004','00000004','83.48');
INSERT INTO Learn values ('20200740005','00000005','37.57');
INSERT INTO Learn values ('20200740006','00000006','89.25');
INSERT INTO Learn values ('20200740007','00000007','90.47');
INSERT INTO Learn values ('20200740008','00000008','99.99');
INSERT INTO Learn values ('20200740009','00000009','87.58');
INSERT INTO Learn values ('20200740010','00000010','78.78');
INSERT INTO Learn values ('20200740011','00000011','75.38');
INSERT INTO Learn values ('20200740012','00000012','38.8');
INSERT INTO Learn values ('20200740013','00000013','89.45');
INSERT INTO Learn values ('20200740012','00000014','80.95');
INSERT INTO Learn values ('20200740001','00000015','78.78');
INSERT INTO Learn values ('20200740001','00000016','75.38');
INSERT INTO Learn values ('20200740001','00000017','38.8');
INSERT INTO Learn values ('20200740010','00000001','67.58');
INSERT INTO Learn values ('20200740011','00000001','83.58');
INSERT INTO Learn values ('20200740012','00000001','78.78');
INSERT INTO Learn values ('20200740013','00000001','75.38');
INSERT INTO Learn values ('20200740014','00000001','76.38');
INSERT INTO Learn values ('20200740015','00000001','77.38');
INSERT INTO Learn values ('20200740016','00000001','78.38');
INSERT INTO Learn values ('20200740017','00000001','79.38');
INSERT INTO Learn values ('20200740018','00000001','80.38');
INSERT INTO Learn values ('20200740019','00000001','81.38');
INSERT INTO Learn values ('20200740020','00000001','89.8');
INSERT INTO Learn values ('20200740021','00000001','65.9');
INSERT INTO Learn values ('20200740022','00000001','70');
INSERT INTO Learn values ('20200740023','00000001','90');
INSERT INTO Learn values ('20200740024','00000001','96.1');
INSERT INTO Course values ('00000001','Computer Science');
INSERT INTO Course values ('00000002','Software Engineering');
INSERT INTO Course values ('00000003','e-commence');
INSERT INTO Course values ('00000004','Chinese Music');
INSERT INTO Course values ('00000005','Math - 1');
INSERT INTO Course values ('00000006','Math - 2');
INSERT INTO Course values ('00000007','Math - 3');
INSERT INTO Course values ('00000008','philosophy');
INSERT INTO Course values ('00000009','JavaWeb');
INSERT INTO Course values ('00000010','English');
INSERT INTO Course values ('00000011','Software Arch');
INSERT INTO Course values ('00000012','Operating System');
INSERT INTO Course values ('00000013','HTML');
INSERT INTO Course values ('00000014','C++');
INSERT INTO Course values ('00000015','HCI');
INSERT INTO ExClass values ('00000001','00000001','2020','spring');
INSERT INTO ExClass values ('00000002','00000002','2020','spring');
INSERT INTO ExClass values ('00000003','00000003','2020','spring');
INSERT INTO ExClass values ('00000004','00000004','2020','spring');
INSERT INTO ExClass values ('00000005','00000005','2020','spring');
INSERT INTO ExClass values ('00000006','00000006','2020','spring');
INSERT INTO ExClass values ('00000007','00000001','2020','spring');
INSERT INTO ExClass values ('00000008','00000002','2020','spring');
INSERT INTO ExClass values ('00000009','00000003','2020','spring');
INSERT INTO ExClass values ('00000010','00000004','2020','spring');
INSERT INTO ExClass values ('00000011','00000005','2020','spring');
INSERT INTO ExClass values ('00000012','00000006','2020','spring');
INSERT INTO ExClass values ('00000013','00000007','2020','spring');
INSERT INTO ExClass values ('00000014','00000008','2020','spring');
INSERT INTO ExClass values ('00000015','00000001','2020','spring');
INSERT INTO ExClass values ('00000016','00000002','2020','spring');
INSERT INTO ExClass values ('00000017','00000003','2020','fall');
INSERT INTO ExClass values ('00000018','00000004','2020','fall');
INSERT INTO ExClass values ('00000019','00000005','2020','fall');
INSERT INTO ExClass values ('00000020','00000006','2020','fall');
INSERT INTO ExClass values ('00000021','00000001','2020','fall');
INSERT INTO ExClass values ('00000022','00000002','2020','fall');
INSERT INTO ExClass values ('00000023','00000003','2020','fall');
INSERT INTO ExClass values ('00000024','00000004','2020','fall');
INSERT INTO ExClass values ('00000025','00000005','2020','fall');
INSERT INTO ExClass values ('00000026','00000006','2020','fall');
INSERT INTO ExClass values ('00000027','00000007','2020','fall');
INSERT INTO ExClass values ('00000028','00000008','2021','spring');
INSERT INTO ExClass values ('00000029','00000004','2021','spring');
INSERT INTO ExClass values ('00000030','00000005','2021','spring');
INSERT INTO ExClass values ('00000031','00000006','2021','spring');
INSERT INTO ExClass values ('00000032','00000001','2021','spring');
INSERT INTO ExClass values ('00000033','00000002','2021','spring');
INSERT INTO ExClass values ('00000034','00000003','2021','spring');
INSERT INTO ExClass values ('00000035','00000004','2021','spring');
INSERT INTO ExClass values ('00000036','00000005','2021','spring');
INSERT INTO ExClass values ('00000037','00000006','2021','spring');
INSERT INTO ExClass values ('00000038','00000007','2021','spring');
INSERT INTO ExClass values ('00000039','00000008','2021','spring');
INSERT INTO ExClass values ('00000040','00000001','2021','spring');
INSERT INTO ExClass values ('00000041','00000002','2021','spring');
INSERT INTO ExClass values ('00000042','00000003','2021','spring');
INSERT INTO ExClass values ('00000043','00000004','2021','spring');
INSERT INTO ExClass values ('00000044','00000005','2021','spring');
INSERT INTO ExClass values ('00000045','00000006','2021','spring');
INSERT INTO ExClass values ('00000046','00000001','2021','fall');
INSERT INTO ExClass values ('00000047','00000002','2021','fall');
INSERT INTO ExClass values ('00000048','00000003','2021','fall');
INSERT INTO ExClass values ('00000049','00000004','2021','fall');
INSERT INTO ExClass values ('00000050','00000005','2021','fall');
INSERT INTO ExClass values ('00000051','00000006','2021','fall');
INSERT INTO ExClass values ('00000052','00000001','2021','fall');
INSERT INTO ExClass values ('00000053','00000002','2021','fall');
INSERT INTO ExClass values ('00000054','00000003','2021','fall');
INSERT INTO ExClass values ('00000055','00000004','2022','spring');
INSERT INTO ExClass values ('00000056','00000005','2022','spring');
INSERT INTO ExClass values ('00000057','00000006','2022','spring');
INSERT INTO ExClass values ('00000058','00000007','2022','spring');
INSERT INTO ExClass values ('00000059','00000008','2022','spring');
INSERT INTO ExClass values ('00000060','00000009','2022','spring');
INSERT INTO ExClass values ('00000061','00000010','2022','spring');
INSERT INTO ExClass values ('00000062','00000011','2022','spring');
INSERT INTO ExClass values ('00000063','00000012','2022','spring');
INSERT INTO ExClass values ('00000064','00000013','2022','spring');
INSERT INTO ExClass values ('00000065','00000014','2022','spring');
INSERT INTO ExClass values ('00000066','00000009','2022','fall');
INSERT INTO ExClass values ('00000067','00000009','2022','fall');
INSERT INTO ExClass values ('00000068','00000010','2022','fall');
INSERT INTO ExClass values ('00000069','00000011','2022','fall');
INSERT INTO ExClass values ('00000070','00000012','2022','fall');
INSERT INTO ExClass values ('00000071','00000012','2022','fall');
INSERT INTO ExClass values ('00000072','00000013','2022','fall');
INSERT INTO ExClass values ('00000073','00000014','2022','fall');
INSERT INTO ExClass values ('00000074','00000015','2022','fall');
INSERT INTO ExClass values ('00000075','00000011','2022','fall');
INSERT INTO ExClass values ('00000076','00000010','2022','fall');
INSERT INTO ExClass values ('00000077','00000009','2022','fall');
INSERT INTO ExClass values ('00000078','00000008','2022','fall');
INSERT INTO ExClass values ('00000079','00000009','2023','spring');
INSERT INTO ExClass values ('00000080','00000010','2023','spring');
INSERT INTO ExClass values ('00000081','00000011','2023','spring');
INSERT INTO ExClass values ('00000082','00000012','2023','spring');
INSERT INTO ExClass values ('00000083','00000013','2023','spring');
INSERT INTO ExClass values ('00000084','00000014','2023','spring');
INSERT INTO ExClass values ('00000085','00000015','2023','spring');
INSERT INTO ExClass values ('00000086','00000011','2023','spring');
INSERT INTO ExClass values ('00000087','00000012','2023','spring');
INSERT INTO ExClass values ('00000088','00000013','2023','spring');
INSERT INTO ExClass values ('00000089','00000014','2023','spring');
INSERT INTO ExClass values ('00000090','00000015','2023','spring');
INSERT INTO ExClass values ('00000091','00000006','2023','fall');
INSERT INTO ExClass values ('00000092','00000007','2023','fall');
INSERT INTO ExClass values ('00000093','00000008','2023','fall');
INSERT INTO ExClass values ('00000094','00000009','2023','fall');
INSERT INTO ExClass values ('00000095','00000010','2023','fall');
INSERT INTO ExClass values ('00000096','00000011','2023','fall');
INSERT INTO ExClass values ('00000097','00000001','2024','spring');
INSERT INTO ExClass values ('00000098','00000002','2024','spring');
INSERT INTO ExClass values ('00000099','00000003','2024','spring');
INSERT INTO ExClass values ('00000100','00000004','2024','spring');
INSERT INTO Teaching values ('20200010001','00000001');
INSERT INTO Teaching values ('20200010002','00000002');
INSERT INTO Teaching values ('20200010003','00000003');
INSERT INTO Teaching values ('20200010004','00000004');
INSERT INTO Teaching values ('20200010005','00000005');
INSERT INTO Teaching values ('20200010002','00000006');
INSERT INTO Teaching values ('20200010003','00000007');
INSERT INTO Teaching values ('20200010004','00000008');
INSERT INTO Teaching values ('20200010005','00000009');
INSERT INTO Teaching values ('20200010006','00000010');
INSERT INTO Teaching values ('20200010007','00000011');
INSERT INTO Teaching values ('20200010008','00000012');
INSERT INTO Teaching values ('20200010009','00000013');
INSERT INTO Teaching values ('20200010010','00000014');
INSERT INTO Teaching values ('20200010011','00000015');
INSERT INTO Teaching values ('20200010012','00000016');
INSERT INTO Teaching values ('20200010013','00000017');
INSERT INTO Teaching values ('20200010014','00000018');
INSERT INTO Teaching values ('20200010015','00000019');
INSERT INTO Teaching values ('20200010016','00000020');
INSERT INTO Teaching values ('20200010017','00000021');
INSERT INTO Teaching values ('20200010018','00000022');
INSERT INTO Teaching values ('20200010001','00000023');
INSERT INTO Teaching values ('20200010002','00000024');
INSERT INTO Teaching values ('20200010003','00000025');
INSERT INTO Teaching values ('20200010004','00000026');
INSERT INTO Teaching values ('20200010005','00000027');
INSERT INTO Teaching values ('20200010002','00000028');
INSERT INTO Teaching values ('20200010003','00000029');
INSERT INTO Teaching values ('20200010004','00000030');
INSERT INTO Teaching values ('20200010005','00000031');
INSERT INTO Teaching values ('20200010006','00000032');
INSERT INTO Teaching values ('20200010007','00000033');
INSERT INTO Teaching values ('20200010008','00000034');
INSERT INTO Teaching values ('20200010009','00000035');
INSERT INTO Teaching values ('20200010010','00000036');
INSERT INTO Teaching values ('20200010011','00000037');
INSERT INTO Teaching values ('20200010012','00000038');
INSERT INTO Teaching values ('20200010013','00000039');
INSERT INTO Teaching values ('20200010014','00000040');
INSERT INTO Teaching values ('20200010015','00000041');
INSERT INTO Teaching values ('20200010016','00000042');
INSERT INTO Teaching values ('20200010017','00000043');
INSERT INTO Teaching values ('20200010018','00000044');
INSERT INTO Teaching values ('20200010001','00000045');
INSERT INTO Teaching values ('20200010002','00000046');
INSERT INTO Teaching values ('20200010003','00000047');
INSERT INTO Teaching values ('20200010004','00000048');
INSERT INTO Teaching values ('20200010005','00000049');
INSERT INTO Teaching values ('20200010002','00000050');
INSERT INTO Teaching values ('20200010003','00000051');
INSERT INTO Teaching values ('20200010004','00000052');
INSERT INTO Teaching values ('20200010005','00000053');
INSERT INTO Teaching values ('20200010006','00000054');
INSERT INTO Teaching values ('20200010007','00000055');
INSERT INTO Teaching values ('20200010008','00000056');
INSERT INTO Teaching values ('20200010009','00000057');
INSERT INTO Teaching values ('20200010010','00000058');
INSERT INTO Teaching values ('20200010011','00000059');
INSERT INTO Teaching values ('20200010012','00000060');
INSERT INTO Teaching values ('20200010013','00000061');
INSERT INTO Teaching values ('20200010014','00000062');
INSERT INTO Teaching values ('20200010015','00000063');
INSERT INTO Teaching values ('20200010016','00000064');
INSERT INTO Teaching values ('20200010017','00000065');
INSERT INTO Teaching values ('20200010018','00000066');
INSERT INTO Teaching values ('20200010001','00000067');
INSERT INTO Teaching values ('20200010002','00000068');
INSERT INTO Teaching values ('20200010003','00000069');
INSERT INTO Teaching values ('20200010004','00000070');
INSERT INTO Teaching values ('20200010005','00000071');
INSERT INTO Teaching values ('20200010002','00000072');
INSERT INTO Teaching values ('20200010003','00000073');
INSERT INTO Teaching values ('20200010004','00000074');
INSERT INTO Teaching values ('20200010005','00000075');
INSERT INTO Teaching values ('20200010006','00000076');
INSERT INTO Teaching values ('20200010007','00000077');
INSERT INTO Teaching values ('20200010008','00000078');
INSERT INTO Teaching values ('20200010009','00000079');
INSERT INTO Teaching values ('20200010010','00000080');
INSERT INTO Teaching values ('20200010011','00000081');
INSERT INTO Teaching values ('20200010012','00000082');
INSERT INTO Teaching values ('20200010013','00000083');
INSERT INTO Teaching values ('20200010014','00000084');
INSERT INTO Teaching values ('20200010015','00000085');
INSERT INTO Teaching values ('20200010016','00000086');
INSERT INTO Teaching values ('20200010017','00000087');
INSERT INTO Teaching values ('20200010018','00000088');
INSERT INTO Teaching values ('20200010001','00000089');
INSERT INTO Teaching values ('20200010002','00000090');
INSERT INTO Teaching values ('20200010003','00000091');
INSERT INTO Teaching values ('20200010004','00000092');
INSERT INTO Teaching values ('20200010005','00000093');
INSERT INTO Teaching values ('20200010002','00000094');
INSERT INTO Teaching values ('20200010003','00000095');
INSERT INTO Teaching values ('20200010004','00000096');
INSERT INTO Teaching values ('20200010005','00000097');
INSERT INTO Teaching values ('20200010006','00000098');
INSERT INTO Teaching values ('20200010007','00000099');
INSERT INTO Teaching values ('20200010008','00000100');
INSERT INTO Admin values ('0001','123456');
INSERT INTO Admin values ('0002','234567');
