INSERT INTO Department values ('0001','Computer Science');
INSERT INTO Department values ('0002','SoftwareEngineering');
INSERT INTO Department values ('0003','History');
INSERT INTO Department values ('0004','Finance');
INSERT INTO Department values ('0005','Music');
INSERT INTO Department values ('0006','Philosophy');
INSERT INTO Major values ('0001','music','0001');
INSERT INTO Major values ('0002','sing','0002');
INSERT INTO Major values ('0003','math','0003');
INSERT INTO Major values ('0004','english','0004');
INSERT INTO Major values ('0005','time','0005');
INSERT INTO Major values ('0006','Apple','0002');
INSERT INTO Major values ('0004','physics','0001');
INSERT INTO Major values ('0009','law','0002');
INSERT INTO Major values ('0010','Chemistry','0006');
INSERT INTO Teacher values ('20200010001','Jacky','0001','123456');
INSERT INTO Teacher values ('20200010002','Gary','0002','123457');
INSERT INTO Teacher values ('20200010003','Paul','0003','123458');
INSERT INTO Teacher values ('20200010004','Toby','0004','123459');
INSERT INTO Teacher values ('20200010005','Tony','0005','123460');
INSERT INTO Teacher values ('20200010006','Eric','0006','123400');
INSERT INTO Teacher values ('20200010007','Jason','0005','908765');
INSERT INTO Teacher values ('20200010005','Zoom','0004','235782');
INSERT INTO Teacher values ('20200010008','Khan','0002','457744');
INSERT INTO Teacher values ('20200010009','Kali','0004','583550');
INSERT INTO Teacher values ('202000100010','Cent','0005','506762');
INSERT INTO Teacher values ('202000100011','Denian','0006','302649');
INSERT INTO Teacher values ('202000100012','Doris','0001','461834');
INSERT INTO Teacher values ('202000100013','Jennen','0002','150343');
INSERT INTO Teacher values ('202000100014','Offred','0003','456895');
INSERT INTO Teacher values ('202000100015','Ofjack','0004','456893');
INSERT INTO Teacher values ('202000100016','Ofondin','0005','484535');
INSERT INTO Teacher values ('202000100017','Rex','0006','483656');
INSERT INTO Teacher values ('202000100018','Zippo','0002','276583');
INSERT INTO Student values ('20200740001','jacky','0001','123456');
INSERT INTO Student values ('20200740002','apple','0002','123457');
INSERT INTO Student values ('20200740003','banana','0003','123458');
INSERT INTO Student values ('20200740004','cat ','0001','123459');
INSERT INTO Student values ('20200740005','dog','0005','123460');
INSERT INTO Student values ('20200740006','gary','0003','123461');
INSERT INTO Student values ('20200740007','paul','0004','123462');
INSERT INTO Student values ('20200740008','khan','0001','123463');
INSERT INTO Student values ('20200740009','tiantian','0005','123464');
INSERT INTO Student values ('20200740010','god','0002','123465');
INSERT INTO Student values ('20200740011','black','0004','123466');
INSERT INTO Student values ('20200740012','blue','0005','123467');
INSERT INTO Student values ('20200740013','pink','0001','123468');
INSERT INTO Student values ('20200740014','wangdan','0002','123469');
INSERT INTO Student values ('20200740015','louou','0005','123470');
INSERT INTO Student values ('20200740016','xianyu','0004','123471');
INSERT INTO Student values ('20200740017','ersha','0006','123472');
INSERT INTO Student values ('20200740018','sansha','0006','123473');
INSERT INTO Student values ('20200740019','sisha','0001','123474');
INSERT INTO Student values ('20200740020','han','0001','123475');
INSERT INTO Student values ('20200740021','jason','0001','123476');
INSERT INTO Student values ('20200740022','ronn','0002','123477');
INSERT INTO Student values ('20200740023','hans','0005','123478');
INSERT INTO Student values ('20200740024','johh','0004','123479');
INSERT INTO Student values ('20200740025','john','0002','578942');
INSERT INTO Student values ('20200740026','elsa','0004','567892');
INSERT INTO Student values ('20200740027','elem','0003','678925');
INSERT INTO Student values ('20200740028','qenn','0002','987653');
INSERT INTO Student values ('20200740029','bossw','0001','456765');
INSERT INTO Student values ('20200740030','appmm','0002','109876');
INSERT INTO Student values ('20200740031','loppo','0003','926571');
INSERT INTO Student values ('20200740032','looili','0004','953743');
INSERT INTO Student values ('20200740033','hasan','0005','673256');
INSERT INTO Student values ('20200740034','hansa','0006','780524');
INSERT INTO Student values ('20200740035','garry','0006','893472');
INSERT INTO Student values ('20200740036','lotos','0002','787663');
INSERT INTO Student values ('20200740037','adsq','0005','676543');
INSERT INTO Student values ('20200740038','jkRollyn','0002','566623');
INSERT INTO Student values ('20200740039','questnn','0002','123458');
INSERT INTO Student values ('20200740040','peppar','0003','569246');
INSERT INTO Student values ('20200740041','pappar','0006','798254');
INSERT INTO Student values ('20200740042','parker','0002','983669');
INSERT INTO Student values ('20200740043','fifi','0001','043245');
INSERT INTO Student values ('20200740044','doc','0002','057264');
INSERT INTO Student values ('20200740045','bsess','0004','047264');
INSERT INTO Student values ('20200740046','basssws','0005','836594');
INSERT INTO Student values ('20200740047','cruhs','0004','239876');
INSERT INTO Student values ('20200740048','cruchs','0005','072563');
INSERT INTO Student values ('20200740049','diqw','0001','104724');
INSERT INTO Student values ('20200740050','awp','0002','360364');
INSERT INTO Learn values ('20200740001','00000001','86.36');
INSERT INTO Learn values ('20200740002','00000002','74.47');
INSERT INTO Learn values ('20200740003','00000003','53.78');
INSERT INTO Learn values ('20200740004','00000004','83.48');
INSERT INTO Learn values ('20200740005','00000005','37.57');
INSERT INTO Learn values ('20200740006','00000006','89.25');
INSERT INTO Learn values ('20200740007','00000007','90.47');
INSERT INTO Learn values ('20200740008','00000008','99.99');
INSERT INTO Learn values ('20200740009','00000009','87.58');
INSERT INTO Learn values ('20200740010','00000010','78.78');
INSERT INTO Learn values ('20200740011','00000011','75.38');
INSERT INTO Learn values ('20200740012','00000012','38.8');
INSERT INTO Learn values ('20200740013','00000013','89.45');
INSERT INTO Learn values ('20200740012','00000014','80.95');
INSERT INTO Learn values ('20200740001','00000015','78.78');
INSERT INTO Learn values ('20200740001','00000016','75.38');
INSERT INTO Learn values ('20200740001','00000017','38.8');
INSERT INTO Learn values ('20200740010','00000001','67.58');
INSERT INTO Learn values ('20200740011','00000001','83.58');
INSERT INTO Learn values ('20200740012','00000001','78.78');
INSERT INTO Learn values ('20200740013','00000001','75.38');
INSERT INTO Learn values ('20200740014','00000001','76.38');
INSERT INTO Learn values ('20200740015','00000001','77.38');
INSERT INTO Learn values ('20200740016','00000001','78.38');
INSERT INTO Learn values ('20200740017','00000001','79.38');
INSERT INTO Learn values ('20200740018','00000001','80.38');
INSERT INTO Learn values ('20200740019','00000001','81.38');
INSERT INTO Learn values ('20200740020','00000001','89.8');
INSERT INTO Learn values ('20200740021','00000001','65.9');
INSERT INTO Learn values ('20200740022','00000001','70');
INSERT INTO Learn values ('20200740023','00000001','90');
INSERT INTO Learn values ('20200740024','00000001','96.1');
INSERT INTO Course values ('00000001','Computer Science');
INSERT INTO Course values ('00000002','Software Engineering');
INSERT INTO Course values ('00000003','e-commence');
INSERT INTO Course values ('00000004','Chinese Music');
INSERT INTO Course values ('00000005','Math - 1');
INSERT INTO Course values ('00000006','Math - 2');
INSERT INTO Course values ('00000007','Math - 3');
INSERT INTO Course values ('00000008','philosophy');
INSERT INTO ExClass values ('00000001','00000001','2020','spring');
INSERT INTO ExClass values ('00000002','00000002','2020','spring');
INSERT INTO ExClass values ('00000003','00000003','2020','spring');
INSERT INTO ExClass values ('00000004','00000004','2020','spring');
INSERT INTO ExClass values ('00000005','00000005','2020','spring');
INSERT INTO ExClass values ('00000006','00000006','2020','spring');
INSERT INTO ExClass values ('00000007','00000001','2020','spring');
INSERT INTO ExClass values ('00000008','00000002','2020','spring');
INSERT INTO ExClass values ('00000009','00000003','2020','spring');
INSERT INTO ExClass values ('00000010','00000004','2020','spring');
INSERT INTO ExClass values ('00000011','00000005','2020','spring');
INSERT INTO ExClass values ('00000012','00000006','2020','spring');
INSERT INTO ExClass values ('00000013','00000007','2020','spring');
INSERT INTO ExClass values ('00000014','00000008','2020','spring');
INSERT INTO ExClass values ('00000015','00000001','2020','spring');
INSERT INTO ExClass values ('00000016','00000002','2020','spring');
INSERT INTO ExClass values ('00000017','00000003','2020','fall');
INSERT INTO ExClass values ('00000018','00000004','2020','fall');
INSERT INTO ExClass values ('00000019','00000005','2020','fall');
INSERT INTO ExClass values ('00000020','00000006','2020','fall');
INSERT INTO ExClass values ('00000021','00000001','2020','fall');
INSERT INTO ExClass values ('00000022','00000002','2020','fall');
INSERT INTO ExClass values ('00000023','00000003','2020','fall');
INSERT INTO ExClass values ('00000024','00000004','2020','fall');
INSERT INTO ExClass values ('00000025','00000005','2020','fall');
INSERT INTO ExClass values ('00000026','00000006','2020','fall');
INSERT INTO ExClass values ('00000027','00000007','2020','fall');
INSERT INTO ExClass values ('00000028','00000008','2021','spring');
INSERT INTO ExClass values ('00000029','00000004','2021','spring');
INSERT INTO ExClass values ('00000030','00000005','2021','spring');
INSERT INTO ExClass values ('00000031','00000006','2021','spring');
INSERT INTO ExClass values ('00000032','00000001','2021','spring');
INSERT INTO ExClass values ('00000033','00000002','2021','spring');
INSERT INTO ExClass values ('00000034','00000003','2021','spring');
INSERT INTO ExClass values ('00000035','00000004','2021','spring');
INSERT INTO ExClass values ('00000036','00000005','2021','spring');
INSERT INTO ExClass values ('00000037','00000006','2021','spring');
INSERT INTO ExClass values ('00000038','00000007','2021','spring');
INSERT INTO ExClass values ('00000039','00000008','2021','spring');
INSERT INTO ExClass values ('00000040','00000001','2021','spring');
INSERT INTO ExClass values ('00000041','00000002','2021','spring');
INSERT INTO ExClass values ('00000042','00000003','2021','spring');
INSERT INTO ExClass values ('00000043','00000004','2021','spring');
INSERT INTO ExClass values ('00000044','00000005','2021','spring');
INSERT INTO ExClass values ('00000045','00000006','2021','spring');
INSERT INTO ExClass values ('00000046','00000001','2021','fall');
INSERT INTO ExClass values ('00000047','00000002','2021','fall');
INSERT INTO ExClass values ('00000048','00000003','2021','fall');
INSERT INTO ExClass values ('00000049','00000004','2021','fall');
INSERT INTO ExClass values ('00000050','00000005','2021','fall');
INSERT INTO ExClass values ('00000051','00000006','2021','fall');
INSERT INTO ExClass values ('00000052','00000001','2021','fall');
INSERT INTO ExClass values ('00000053','00000002','2021','fall');
INSERT INTO ExClass values ('00000054','00000003','2021','fall');
INSERT INTO Teaching values ('20200010001','00000001');
INSERT INTO Teaching values ('20200010002','00000002');
INSERT INTO Teaching values ('20200010003','00000003');
INSERT INTO Teaching values ('20200010004','00000004');
INSERT INTO Teaching values ('20200010005','00000005');
INSERT INTO Teaching values ('20200010002','00000006');
INSERT INTO Teaching values ('20200010003','00000007');
INSERT INTO Teaching values ('20200010004','00000008');
INSERT INTO Admin values ('0001','123456');
INSERT INTO Admin values ('0002','234567');
